{"cameraMode":{"drawMode":0,"name":"Shaded","section":"Shading Mode"},"sceneLighting":true,"audioPlay":false,"sceneViewState":{"m_AlwaysRefresh":false,"showFog":true,"showSkybox":true,"showFlares":true,"showImageEffects":true,"showParticleSystems":true,"showVisualEffectGraphs":true,"m_FxEnabled":true},"in2DMode":false,"pivot":{"x":-2.483039379119873,"y":-1.8107118606567383,"z":12.769357681274414},"rotation":{"x":-0.1319197118282318,"y":0.008026295341551304,"z":-0.0010682166321203113,"w":-0.9912278652191162},"size":12.404224395751954,"orthographic":false}