{"cameraMode":{"drawMode":0,"name":"Shaded","section":"Shading Mode"},"sceneLighting":true,"audioPlay":false,"sceneViewState":{"m_AlwaysRefresh":false,"showFog":true,"showSkybox":true,"showFlares":true,"showImageEffects":true,"showParticleSystems":true,"showVisualEffectGraphs":true,"m_FxEnabled":true},"in2DMode":false,"pivot":{"x":-0.44347596168518069,"y":-0.4842877984046936,"z":2.5041093826293947},"rotation":{"x":0.03598826006054878,"y":-0.014989827759563923,"z":0.0005398442735895515,"w":0.9992409348487854},"size":6.617447853088379,"orthographic":false}